{
  "main": {
    "id": "558e33668611ddee",
    "type": "split",
    "children": [
      {
        "id": "73a919a1ef462f96",
        "type": "tabs",
        "children": [
          {
            "id": "019c252ba7c95046",
            "type": "leaf",
            "state": {
              "type": "graph",
              "state": {}
            }
          }
        ]
      }
    ],
    "direction": "vertical"
  },
  "left": {
    "id": "18976083756198f5",
    "type": "split",
    "children": [
      {
        "id": "c78be051e4b0a4b4",
        "type": "tabs",
        "children": [
          {
            "id": "bcca39d6fbb60864",
            "type": "leaf",
            "state": {
              "type": "file-explorer",
              "state": {
                "sortOrder": "alphabetical"
              }
            }
          },
          {
            "id": "4060348a5328b4a4",
            "type": "leaf",
            "state": {
              "type": "bookmarks",
              "state": {}
            }
          },
          {
            "id": "b305b7cc3f9a858d",
            "type": "leaf",
            "state": {
              "type": "recent-files",
              "state": {}
            }
          },
          {
            "id": "5822862e7d9f71dc",
            "type": "leaf",
            "state": {
              "type": "search",
              "state": {
                "query": "ba",
                "matchingCase": false,
                "explainSearch": false,
                "collapseAll": false,
                "extraContext": false,
                "sortOrder": "alphabetical"
              }
            }
          }
        ],
        "currentTab": 3
      }
    ],
    "direction": "horizontal",
    "width": 356.5
  },
  "right": {
    "id": "449f44e623a604ae",
    "type": "split",
    "children": [
      {
        "id": "98def8532c6b3858",
        "type": "tabs",
        "children": [
          {
            "id": "8dbfd8843a2e4609",
            "type": "leaf",
            "state": {
              "type": "backlink",
              "state": {
                "collapseAll": false,
                "extraContext": false,
                "sortOrder": "alphabetical",
                "showSearch": false,
                "searchQuery": "",
                "backlinkCollapsed": false,
                "unlinkedCollapsed": true
              }
            }
          },
          {
            "id": "fde1cf0cd1566cbe",
            "type": "leaf",
            "state": {
              "type": "outgoing-link",
              "state": {
                "linksCollapsed": false,
                "unlinkedCollapsed": true
              }
            }
          },
          {
            "id": "be81be0d793212ed",
            "type": "leaf",
            "state": {
              "type": "tag",
              "state": {
                "sortOrder": "frequency",
                "useHierarchy": true
              }
            }
          },
          {
            "id": "5e09f3b310ae448a",
            "type": "leaf",
            "state": {
              "type": "outline",
              "state": {}
            }
          },
          {
            "id": "a71ee1eeec658e46",
            "type": "leaf",
            "state": {
              "type": "advanced-tables-toolbar",
              "state": {}
            }
          },
          {
            "id": "8df63f11d3f1da64",
            "type": "leaf",
            "state": {
              "type": "calendar",
              "state": {}
            }
          },
          {
            "id": "d6be88fb185cdcc2",
            "type": "leaf",
            "state": {
              "type": "all-properties",
              "state": {
                "sortOrder": "frequency",
                "showSearch": false,
                "searchQuery": ""
              }
            }
          }
        ],
        "currentTab": 5
      }
    ],
    "direction": "horizontal",
    "width": 419.5
  },
  "left-ribbon": {
    "hiddenItems": {
      "switcher:Open quick switcher": false,
      "graph:Open graph view": false,
      "canvas:Create new canvas": false,
      "daily-notes:Open today's daily note": false,
      "templates:Insert template": false,
      "command-palette:Open command palette": false,
      "table-editor-obsidian:Advanced Tables Toolbar": false,
      "markdown-importer:Open format converter": false,
      "local-backup:Run local backup": false
    }
  },
  "active": "5822862e7d9f71dc",
  "lastOpenFiles": [
    "Tian-Qiang Heavy Foundries.md",
    "CORPORATION LIST.md",
    "Tan-Qiang Heavy Foundries.md",
    "Ship Classification/BATTLESHIPS/Cruiser.md",
    "Ship Classification/BATTLESHIPS/Corvette.md",
    "Ship Classification/BATTLESHIPS/BATTLESHIPS.md",
    "Arisawa Heavy Industries.md",
    "Serpentine Baylock.md",
    "Durham Aerospace.md",
    "Bernard & Felix Foundation.md",
    "Blackstar Crucible.md",
    "Chem-Dyna.md",
    "Aldra Mercenary Liaison Organization.md",
    "Akvavit Mercenary Liaison Organization.md",
    "(Potential) Pilot Names.md",
    "Aspina Aggregates.md",
    "Ship Classification/Ship Classification.md",
    "Foreign Ship Model Names.md",
    "TRANSPORT.md",
    "Répertoire du Savoir Athénien.md",
    "HAULERS.md",
    "Ship Classification/BATTLESHIPS/Heavy Frigate.md",
    "Ship Classification/BATTLESHIPS",
    "Ship Classification",
    "Ship Classification/BATTLESHIPS/Ultra-Heavy Dreadnought.md",
    "Ship Classification/BATTLESHIPS/Dreadnought.md",
    "Ship Classification/BATTLESHIPS/Destroyer.md",
    "Ship Classification/BATTLESHIPS/Frigate.md",
    "REX INVICTUS/UOE/OPERATION CODES",
    "REX INVICTUS/Corporations",
    "WIP (CRITICAL ADDITIONS NEEDED)",
    "Remote-Git",
    "REX INVICTUS/Definitions/Abilities",
    "Egyptian Mo",
    "REX INVICTUS/Roman/Roman Monster",
    "REX INVICTUS/Japanese Pantheon",
    "Untitled.canvas",
    "Untitled 2.canvas",
    "Untitled 1.canvas"
  ]
}