{
  "main": {
    "id": "558e33668611ddee",
    "type": "split",
    "children": [
      {
        "id": "73a919a1ef462f96",
        "type": "tabs",
        "children": [
          {
            "id": "1e9d7a0efa7fca4c",
            "type": "leaf",
            "state": {
              "type": "markdown",
              "state": {
                "file": "IDEAS TO ADD (WIP).md",
                "mode": "source",
                "source": false
              }
            }
          },
          {
            "id": "da045612e5a06653",
            "type": "leaf",
            "state": {
              "type": "markdown",
              "state": {
                "file": "SECTIONS TO ADD (WIP).md",
                "mode": "source",
                "source": false
              }
            }
          }
        ],
        "currentTab": 1
      }
    ],
    "direction": "vertical"
  },
  "left": {
    "id": "18976083756198f5",
    "type": "split",
    "children": [
      {
        "id": "c78be051e4b0a4b4",
        "type": "tabs",
        "children": [
          {
            "id": "bcca39d6fbb60864",
            "type": "leaf",
            "state": {
              "type": "file-explorer",
              "state": {
                "sortOrder": "alphabetical"
              }
            }
          },
          {
            "id": "4060348a5328b4a4",
            "type": "leaf",
            "state": {
              "type": "bookmarks",
              "state": {}
            }
          },
          {
            "id": "b305b7cc3f9a858d",
            "type": "leaf",
            "state": {
              "type": "recent-files",
              "state": {}
            }
          },
          {
            "id": "5822862e7d9f71dc",
            "type": "leaf",
            "state": {
              "type": "search",
              "state": {
                "query": "",
                "matchingCase": false,
                "explainSearch": false,
                "collapseAll": false,
                "extraContext": false,
                "sortOrder": "alphabetical"
              }
            }
          }
        ]
      }
    ],
    "direction": "horizontal",
    "width": 356.5
  },
  "right": {
    "id": "449f44e623a604ae",
    "type": "split",
    "children": [
      {
        "id": "98def8532c6b3858",
        "type": "tabs",
        "children": [
          {
            "id": "8dbfd8843a2e4609",
            "type": "leaf",
            "state": {
              "type": "backlink",
              "state": {
                "file": "SECTIONS TO ADD (WIP).md",
                "collapseAll": false,
                "extraContext": false,
                "sortOrder": "alphabetical",
                "showSearch": false,
                "searchQuery": "",
                "backlinkCollapsed": false,
                "unlinkedCollapsed": true
              }
            }
          },
          {
            "id": "fde1cf0cd1566cbe",
            "type": "leaf",
            "state": {
              "type": "outgoing-link",
              "state": {
                "file": "SECTIONS TO ADD (WIP).md",
                "linksCollapsed": false,
                "unlinkedCollapsed": true
              }
            }
          },
          {
            "id": "be81be0d793212ed",
            "type": "leaf",
            "state": {
              "type": "tag",
              "state": {
                "sortOrder": "frequency",
                "useHierarchy": true
              }
            }
          },
          {
            "id": "5e09f3b310ae448a",
            "type": "leaf",
            "state": {
              "type": "outline",
              "state": {
                "file": "SECTIONS TO ADD (WIP).md"
              }
            }
          },
          {
            "id": "a71ee1eeec658e46",
            "type": "leaf",
            "state": {
              "type": "advanced-tables-toolbar",
              "state": {}
            }
          },
          {
            "id": "8df63f11d3f1da64",
            "type": "leaf",
            "state": {
              "type": "calendar",
              "state": {}
            }
          },
          {
            "id": "d6be88fb185cdcc2",
            "type": "leaf",
            "state": {
              "type": "all-properties",
              "state": {
                "sortOrder": "frequency",
                "showSearch": false,
                "searchQuery": ""
              }
            }
          }
        ],
        "currentTab": 5
      }
    ],
    "direction": "horizontal",
    "width": 419.5
  },
  "left-ribbon": {
    "hiddenItems": {
      "switcher:Open quick switcher": false,
      "graph:Open graph view": false,
      "canvas:Create new canvas": false,
      "daily-notes:Open today's daily note": false,
      "templates:Insert template": false,
      "command-palette:Open command palette": false,
      "table-editor-obsidian:Advanced Tables Toolbar": false,
      "markdown-importer:Open format converter": false,
      "local-backup:Run local backup": false
    }
  },
  "active": "da045612e5a06653",
  "lastOpenFiles": [
    "IDEAS TO ADD (WIP).md",
    "SECTIONS TO ADD (WIP).md",
    "OWN CHARACTERS.md",
    "REX INVICTUS/Locations/New Rome.md",
    "WIP (CRITICAL ADDITIONS NEEDED)/M.A.I.D.md",
    "WIP (CRITICAL ADDITIONS NEEDED)/B.U.T.L.E.R.md",
    "UOE Dreadnoughts.md",
    "UOE Flagships.md",
    "REX INVICTUS/Greek/Primordials/Tartarus (Primordial).md",
    "Regen-EX.md",
    "logo_VFC.png",
    "Pasted image 20240606011150.png",
    "Vestal Fringe Corporation.md",
    "Pasted image 20240606011153.png",
    "CORPORATION LIST.md",
    "All Titan-Based Fire Solutions.md",
    "Chem-Dyna.md",
    "Blackstar Crucible.md",
    "Bernard & Felix Foundation.md",
    "Astralnet Conglomerate.md",
    "Aldra Mercenary Liaison Organization.md",
    "Akvavit Mercenary Liaison Organization.md",
    "(Potential) Pilot Names.md",
    "Arisawa Heavy Industries.md",
    "Evergreen Family.md",
    "Proxima Point-Defence.md",
    "Astralnet Neural Solutions.md",
    "Everaude.md",
    "Aspina Aggregates.md",
    "Ship Classification/BATTLESHIPS",
    "Ship Classification",
    "REX INVICTUS/UOE/OPERATION CODES",
    "REX INVICTUS/Corporations",
    "WIP (CRITICAL ADDITIONS NEEDED)",
    "Remote-Git",
    "REX INVICTUS/Definitions/Abilities",
    "Egyptian Mo",
    "REX INVICTUS/Roman/Roman Monster",
    "REX INVICTUS/Japanese Pantheon",
    "Untitled.canvas",
    "Untitled 2.canvas",
    "Untitled 1.canvas"
  ]
}