{
  "collapse-filter": true,
  "search": "",
  "showTags": false,
  "showAttachments": false,
  "hideUnresolved": false,
  "showOrphans": true,
  "collapse-color-groups": true,
  "colorGroups": [
    {
      "query": "path:\"REX INVICTUS/Norse\"  ",
      "color": {
        "a": 1,
        "rgb": 14745855
      }
    },
    {
      "query": "path:\"REX INVICTUS/Roman\"  ",
      "color": {
        "a": 1,
        "rgb": 16688190
      }
    },
    {
      "query": "path:\"REX INVICTUS/Greek\"  ",
      "color": {
        "a": 1,
        "rgb": 327424
      }
    },
    {
      "query": "path:\"REX INVICTUS/Egyptian\"  ",
      "color": {
        "a": 1,
        "rgb": 16711680
      }
    },
    {
      "query": "path:\"REX INVICTUS/UOE\"  ",
      "color": {
        "a": 1,
        "rgb": 65450
      }
    },
    {
      "query": "path:\"REX INVICTUS/Definitions\"  ",
      "color": {
        "a": 1,
        "rgb": 16777215
      }
    },
    {
      "query": "path:\"REX INVICTUS/Divine Being\"  ",
      "color": {
        "a": 1,
        "rgb": 16777215
      }
    },
    {
      "query": "path:\"REX INVICTUS/Divine Weapons\"  ",
      "color": {
        "a": 1,
        "rgb": 16777215
      }
    },
    {
      "query": "path:\"REX INVICTUS/Locations\"  ",
      "color": {
        "a": 1,
        "rgb": 16777215
      }
    },
    {
      "query": "path:\"REX INVICTUS/Percy Jackson\"  ",
      "color": {
        "a": 1,
        "rgb": 0
      }
    }
  ],
  "collapse-display": false,
  "showArrow": false,
  "textFadeMultiplier": -2.2,
  "nodeSizeMultiplier": 1.63125,
  "lineSizeMultiplier": 1.19739583333333,
  "collapse-forces": false,
  "centerStrength": 0,
  "repelStrength": 20,
  "linkStrength": 1,
  "linkDistance": 30,
  "scale": 0.32813962740559516,
  "close": true
}