{
  "main": {
    "id": "558e33668611ddee",
    "type": "split",
    "children": [
      {
        "id": "011c77b8e92e12cc",
        "type": "tabs",
        "children": [
          {
            "id": "cd0ae89d1958b7ba",
            "type": "leaf",
            "state": {
              "type": "markdown",
              "state": {
                "file": "REX INVICTUS/Divine Being/Divine Being 'The One Upon Swift Wings'.md",
                "mode": "source",
                "source": false
              },
              "icon": "lucide-file",
              "title": "Divine Being 'The One Upon Swift Wings'"
            }
          },
          {
            "id": "da630054170666f6",
            "type": "leaf",
            "state": {
              "type": "markdown",
              "state": {
                "file": "REX INVICTUS/UOE/War of Princes.md",
                "mode": "source",
                "source": false
              },
              "icon": "lucide-file",
              "title": "War of Princes"
            }
          }
        ],
        "currentTab": 1
      }
    ],
    "direction": "vertical"
  },
  "left": {
    "id": "18976083756198f5",
    "type": "split",
    "children": [
      {
        "id": "c78be051e4b0a4b4",
        "type": "tabs",
        "children": [
          {
            "id": "bcca39d6fbb60864",
            "type": "leaf",
            "state": {
              "type": "file-explorer",
              "state": {
                "sortOrder": "alphabetical"
              },
              "icon": "lucide-folder-closed",
              "title": "Files"
            }
          },
          {
            "id": "4060348a5328b4a4",
            "type": "leaf",
            "state": {
              "type": "bookmarks",
              "state": {},
              "icon": "lucide-bookmark",
              "title": "Bookmarks"
            }
          },
          {
            "id": "b305b7cc3f9a858d",
            "type": "leaf",
            "state": {
              "type": "recent-files",
              "state": {},
              "icon": "clock",
              "title": "Recent Files"
            }
          },
          {
            "id": "5822862e7d9f71dc",
            "type": "leaf",
            "state": {
              "type": "search",
              "state": {
                "query": "broads",
                "matchingCase": false,
                "explainSearch": false,
                "collapseAll": false,
                "extraContext": false,
                "sortOrder": "alphabetical"
              },
              "icon": "lucide-search",
              "title": "Search"
            }
          },
          {
            "id": "5e2d8e579854b077",
            "type": "leaf",
            "state": {
              "type": "recent-files",
              "state": {},
              "icon": "clock",
              "title": "Recent Files"
            }
          }
        ]
      }
    ],
    "direction": "horizontal",
    "width": 356.5
  },
  "right": {
    "id": "449f44e623a604ae",
    "type": "split",
    "children": [
      {
        "id": "98def8532c6b3858",
        "type": "tabs",
        "children": [
          {
            "id": "8dbfd8843a2e4609",
            "type": "leaf",
            "state": {
              "type": "backlink",
              "state": {
                "collapseAll": false,
                "extraContext": false,
                "sortOrder": "alphabetical",
                "showSearch": false,
                "searchQuery": "",
                "backlinkCollapsed": false,
                "unlinkedCollapsed": true
              },
              "icon": "links-coming-in",
              "title": "Backlinks"
            }
          },
          {
            "id": "fde1cf0cd1566cbe",
            "type": "leaf",
            "state": {
              "type": "outgoing-link",
              "state": {
                "linksCollapsed": false,
                "unlinkedCollapsed": true
              },
              "icon": "links-going-out",
              "title": "Outgoing links"
            }
          },
          {
            "id": "be81be0d793212ed",
            "type": "leaf",
            "state": {
              "type": "tag",
              "state": {
                "sortOrder": "frequency",
                "useHierarchy": true
              },
              "icon": "lucide-tags",
              "title": "Tags"
            }
          },
          {
            "id": "5e09f3b310ae448a",
            "type": "leaf",
            "state": {
              "type": "outline",
              "state": {},
              "icon": "lucide-list",
              "title": "Outline"
            }
          },
          {
            "id": "a71ee1eeec658e46",
            "type": "leaf",
            "state": {
              "type": "advanced-tables-toolbar",
              "state": {},
              "icon": "spreadsheet",
              "title": "Advanced Tables"
            }
          },
          {
            "id": "8df63f11d3f1da64",
            "type": "leaf",
            "state": {
              "type": "calendar",
              "state": {},
              "icon": "calendar-with-checkmark",
              "title": "Calendar"
            }
          },
          {
            "id": "d6be88fb185cdcc2",
            "type": "leaf",
            "state": {
              "type": "all-properties",
              "state": {
                "sortOrder": "frequency",
                "showSearch": false,
                "searchQuery": ""
              },
              "icon": "lucide-archive",
              "title": "All properties"
            }
          }
        ],
        "currentTab": 4
      }
    ],
    "direction": "horizontal",
    "width": 419.5,
    "collapsed": true
  },
  "left-ribbon": {
    "hiddenItems": {
      "switcher:Open quick switcher": false,
      "canvas:Create new canvas": false,
      "daily-notes:Open today's daily note": false,
      "command-palette:Open command palette": false,
      "markdown-importer:Open format converter": false,
      "table-editor-obsidian:Advanced Tables Toolbar": false,
      "templates:Insert template": false,
      "graph:Open graph view": false,
      "local-backup:Run local backup": false
    }
  },
  "active": "da630054170666f6",
  "lastOpenFiles": [
    "HadriCorp.md",
    "REX INVICTUS/UOE/War of Princes.md",
    "REX INVICTUS/Divine Being/Divine Being 'The One Upon Swift Wings'.md",
    "REX INVICTUS/Divine Being/Divine Being 'Scythe of Harvest'.md",
    "REX INVICTUS/Divine Being/Divine Being 'Roar of Clouds'.md",
    "REX INVICTUS/Divine Being/Divine Being 'Owl of Unending Flight'.md",
    "REX INVICTUS/Divine Being/Divine Being 'Blessed of Grain'.md",
    "REX INVICTUS/Definitions/Oath (ambiguous).md",
    "REX INVICTUS/Definitions/Olympians.md",
    "REX INVICTUS/Definitions/Mortal.md",
    "REX INVICTUS/Definitions/Golden Apples.md",
    "REX INVICTUS/Definitions/God (greek).md",
    "REX INVICTUS/Definitions/Celestial Bronze.md",
    "REX INVICTUS/Definitions/Abilities/Hydroknesis.md",
    "REX INVICTUS/Definitions/Abilities/Electrokinesis.md",
    "REX INVICTUS/Definitions/Abilities/Ability Cassification.md",
    "REX INVICTUS/UOE/Weapon Parts and Variants.md",
    "REX INVICTUS/UOE/UOE Divine Crusader.md",
    "WIP (CRITICAL ADDITIONS NEEDED)/Foreign Ship Model Names.md",
    "Broadside Weapons.md",
    "Annexes.md",
    "Annex 13287.md",
    "WIP (CRITICAL ADDITIONS NEEDED)/Thetis.md",
    "WIP (CRITICAL ADDITIONS NEEDED)/Vestal Fringe Corporation.md",
    "WIP (CRITICAL ADDITIONS NEEDED)/Kraken.md",
    "WIP (CRITICAL ADDITIONS NEEDED)/La Jeune Belgique.md",
    "WIP (CRITICAL ADDITIONS NEEDED)/logo_VFC.png",
    "Untitled.canvas",
    "REX INVICTUS/UOE/RANK",
    "Pasted image 20240606011150.png",
    "Pasted image 20240606011153.png",
    "Ship Classification/BATTLESHIPS",
    "Ship Classification",
    "REX INVICTUS/UOE/OPERATION CODES",
    "REX INVICTUS/Corporations",
    "WIP (CRITICAL ADDITIONS NEEDED)",
    "Remote-Git",
    "REX INVICTUS/Definitions/Abilities",
    "Egyptian Mo",
    "REX INVICTUS/Roman/Roman Monster",
    "Untitled 2.canvas",
    "Untitled 1.canvas"
  ]
}