{
  "main": {
    "id": "558e33668611ddee",
    "type": "split",
    "children": [
      {
        "id": "73a919a1ef462f96",
        "type": "tabs",
        "children": [
          {
            "id": "cd90762241814bf2",
            "type": "leaf",
            "state": {
              "type": "graph",
              "state": {}
            }
          },
          {
            "id": "4db0dd03d4ae7762",
            "type": "leaf",
            "state": {
              "type": "graph",
              "state": {}
            }
          }
        ],
        "currentTab": 1
      }
    ],
    "direction": "vertical"
  },
  "left": {
    "id": "18976083756198f5",
    "type": "split",
    "children": [
      {
        "id": "c78be051e4b0a4b4",
        "type": "tabs",
        "children": [
          {
            "id": "bcca39d6fbb60864",
            "type": "leaf",
            "state": {
              "type": "file-explorer",
              "state": {
                "sortOrder": "alphabetical"
              }
            }
          },
          {
            "id": "4060348a5328b4a4",
            "type": "leaf",
            "state": {
              "type": "bookmarks",
              "state": {}
            }
          },
          {
            "id": "b305b7cc3f9a858d",
            "type": "leaf",
            "state": {
              "type": "recent-files",
              "state": {}
            }
          },
          {
            "id": "5822862e7d9f71dc",
            "type": "leaf",
            "state": {
              "type": "search",
              "state": {
                "query": "",
                "matchingCase": false,
                "explainSearch": false,
                "collapseAll": false,
                "extraContext": false,
                "sortOrder": "alphabetical"
              }
            }
          }
        ]
      }
    ],
    "direction": "horizontal",
    "width": 356.5
  },
  "right": {
    "id": "449f44e623a604ae",
    "type": "split",
    "children": [
      {
        "id": "98def8532c6b3858",
        "type": "tabs",
        "children": [
          {
            "id": "8dbfd8843a2e4609",
            "type": "leaf",
            "state": {
              "type": "backlink",
              "state": {
                "collapseAll": false,
                "extraContext": false,
                "sortOrder": "alphabetical",
                "showSearch": false,
                "searchQuery": "",
                "backlinkCollapsed": false,
                "unlinkedCollapsed": true
              }
            }
          },
          {
            "id": "fde1cf0cd1566cbe",
            "type": "leaf",
            "state": {
              "type": "outgoing-link",
              "state": {
                "linksCollapsed": false,
                "unlinkedCollapsed": true
              }
            }
          },
          {
            "id": "be81be0d793212ed",
            "type": "leaf",
            "state": {
              "type": "tag",
              "state": {
                "sortOrder": "frequency",
                "useHierarchy": true
              }
            }
          },
          {
            "id": "5e09f3b310ae448a",
            "type": "leaf",
            "state": {
              "type": "outline",
              "state": {}
            }
          },
          {
            "id": "a71ee1eeec658e46",
            "type": "leaf",
            "state": {
              "type": "advanced-tables-toolbar",
              "state": {}
            }
          },
          {
            "id": "55d0446c6f1b9c16",
            "type": "leaf",
            "state": {
              "type": "copilot-chat-view",
              "state": {}
            }
          },
          {
            "id": "8df63f11d3f1da64",
            "type": "leaf",
            "state": {
              "type": "calendar",
              "state": {}
            }
          },
          {
            "id": "d6be88fb185cdcc2",
            "type": "leaf",
            "state": {
              "type": "all-properties",
              "state": {
                "sortOrder": "frequency",
                "showSearch": false,
                "searchQuery": ""
              }
            }
          }
        ],
        "currentTab": 7
      }
    ],
    "direction": "horizontal",
    "width": 419.5
  },
  "left-ribbon": {
    "hiddenItems": {
      "switcher:Open quick switcher": false,
      "graph:Open graph view": false,
      "canvas:Create new canvas": false,
      "daily-notes:Open today's daily note": false,
      "templates:Insert template": false,
      "command-palette:Open command palette": false,
      "table-editor-obsidian:Advanced Tables Toolbar": false,
      "copilot:Copilot Chat": false,
      "markdown-importer:Open format converter": false,
      "local-backup:Run local backup": false
    }
  },
  "active": "bcca39d6fbb60864",
  "lastOpenFiles": [
    "Remote-Git",
    "REX INVICTUS/Greek/Greek Oylmpian/Zeus.md",
    "REX INVICTUS/Definitions/Abilities/Electrokinesis.md",
    "REX INVICTUS/Definitions/Abilities/Ability Cassification.md",
    "REX INVICTUS/Divine Weapons/Master Bolt.md",
    "REX INVICTUS/Greek/Primordials/Gaia.md",
    "REX INVICTUS/Greek/Primordials/Gaea.md",
    "REX INVICTUS/Greek/Greek Monster/Typhon.md",
    "REX INVICTUS/Greek/Greek Monster/Telekhines.md",
    "REX INVICTUS/Definitions/Primordial.md",
    "REX INVICTUS/Greek/Greek Giant/Mimas.md",
    "REX INVICTUS/Definitions/Abilities/Geoknesis.md",
    "REX INVICTUS/Percy Jackson/Percy Jackson.md",
    "REX INVICTUS/Definitions/Abilities/Hydroknesis.md",
    "REX INVICTUS/Greek/Greek Oylmpian/Poseidon.md",
    "REX INVICTUS/Definitions/Abilities/Pyrokinesis.md",
    "REX INVICTUS/Definitions/Abilities",
    "REX INVICTUS/Greek/Greek Oylmpian/Hades.md",
    "Combustion Inducement.md",
    "REX INVICTUS/Greek/Greek Oylmpian/Hephaestus.md",
    "REX INVICTUS/Greek/Greek Oylmpian/Apollo.md",
    "REX INVICTUS/Greek/Greek Oylmpian/Hestia/Hestia.md",
    "REX INVICTUS/Roman/Roman Oylmpian/Pluto.md",
    "REX INVICTUS/Roman/Roman Oylmpian/Neptune.md",
    "REX INVICTUS/Roman/Roman Non-Divine/NR/Frank Zhang.md",
    "REX INVICTUS/Greek/Greek Non-Divine/CHB/Members/Leo.md",
    "REX INVICTUS/Greek/Greek Monster/Mrs. O'Leary.md",
    "Egyptian Mo",
    "REX INVICTUS/Roman/Roman Monster",
    "REX INVICTUS/Japanese Pantheon",
    "REX INVICTUS/UOE",
    "REX INVICTUS/Greek/Titans/Titan Aligned",
    "REX INVICTUS/Egyptian/Egyptian Monster",
    "REX INVICTUS/Greek/Greek Giant",
    "REX INVICTUS/Greek/Greek Monster",
    "REX INVICTUS/Egyptian/Unaligned",
    "Untitled.canvas",
    "Untitled 2.canvas",
    "Untitled 1.canvas"
  ]
}